<?xml version="1.0" encoding="UTF-8"?>
<project-private xmlns="http://www.netbeans.org/ns/project-private/1">
    <editor-bookmarks xmlns="http://www.netbeans.org/ns/editor-bookmarks/2" lastBookmarkId="0"/>
    <open-files xmlns="http://www.netbeans.org/ns/projectui-open-files/2">
        <group>
            <file>file:/D:/Netbeans%20Projects/Icecream_parlour/src/Coding/Stuff_viewinfo.java</file>
            <file>file:/D:/Netbeans%20Projects/Icecream_parlour/src/Coding/Selling_Page.java</file>
            <file>file:/D:/Netbeans%20Projects/Icecream_parlour/src/Coding/viewStuff.java</file>
        </group>
    </open-files>
</project-private>
